Area Type,Area Name,Date,Year,Month,SeasonallyAdjusted,NotSeasonallyAdjusted
National,U.S.,1948/01,1948,January,3.4,4.0
National,U.S.,1948/02,1948,February,3.8,4.7
National,U.S.,1948/03,1948,March,4.0,4.5
National,U.S.,1948/04,1948,April,3.9,4.0
National,U.S.,1948/05,1948,May,3.5,3.4
National,U.S.,1948/06,1948,June,3.6,3.9
National,U.S.,1948/07,1948,July,3.6,3.9
National,U.S.,1948/08,1948,August,3.9,3.6
National,U.S.,1948/09,1948,September,3.8,3.4
National,U.S.,1948/10,1948,October,3.7,2.9
National,U.S.,1948/11,1948,November,3.8,3.3
National,U.S.,1948/12,1948,December,4.0,3.6
National,U.S.,1949/01,1949,January,4.3,5.0
National,U.S.,1949/02,1949,February,4.7,5.8
National,U.S.,1949/03,1949,March,5.0,5.6
National,U.S.,1949/04,1949,April,5.3,5.4
National,U.S.,1949/05,1949,May,6.1,5.7
National,U.S.,1949/06,1949,June,6.2,6.4
National,U.S.,1949/07,1949,July,6.7,7.0
National,U.S.,1949/08,1949,August,6.8,6.3
National,U.S.,1949/09,1949,September,6.6,5.9
National,U.S.,1949/10,1949,October,7.9,6.1
National,U.S.,1949/11,1949,November,6.4,5.7
National,U.S.,1949/12,1949,December,6.6,6.0
National,U.S.,1950/01,1950,January,6.5,7.6
National,U.S.,1950/02,1950,February,6.4,7.9
National,U.S.,1950/03,1950,March,6.3,7.1
National,U.S.,1950/04,1950,April,5.8,6.0
National,U.S.,1950/05,1950,May,5.5,5.3
National,U.S.,1950/06,1950,June,5.4,5.6
National,U.S.,1950/07,1950,July,5.0,5.3
National,U.S.,1950/08,1950,August,4.5,4.1
National,U.S.,1950/09,1950,September,4.4,4.0
National,U.S.,1950/10,1950,October,4.2,3.3
National,U.S.,1950/11,1950,November,4.2,3.8
National,U.S.,1950/12,1950,December,4.3,3.9
National,U.S.,1951/01,1951,January,3.7,4.4
National,U.S.,1951/02,1951,February,3.4,4.2
National,U.S.,1951/03,1951,March,3.4,3.8
National,U.S.,1951/04,1951,April,3.1,3.2
National,U.S.,1951/05,1951,May,3.0,2.9
National,U.S.,1951/06,1951,June,3.2,3.4
National,U.S.,1951/07,1951,July,3.1,3.3
National,U.S.,1951/08,1951,August,3.1,2.9
National,U.S.,1951/09,1951,September,3.3,3.0
National,U.S.,1951/10,1951,October,3.5,2.8
National,U.S.,1951/11,1951,November,3.5,3.2
National,U.S.,1951/12,1951,December,3.1,2.9
National,U.S.,1952/01,1952,January,3.2,3.7
National,U.S.,1952/02,1952,February,3.1,3.8
National,U.S.,1952/03,1952,March,2.9,3.3
National,U.S.,1952/04,1952,April,2.9,3.0
National,U.S.,1952/05,1952,May,3.0,2.9
National,U.S.,1952/06,1952,June,3.0,3.2
National,U.S.,1952/07,1952,July,3.2,3.3
National,U.S.,1952/08,1952,August,3.4,3.1
National,U.S.,1952/09,1952,September,3.1,2.7
National,U.S.,1952/10,1952,October,3.0,2.4
National,U.S.,1952/11,1952,November,2.8,2.5
National,U.S.,1952/12,1952,December,2.7,2.5
National,U.S.,1953/01,1953,January,2.9,3.4
National,U.S.,1953/02,1953,February,2.6,3.2
National,U.S.,1953/03,1953,March,2.6,2.9
National,U.S.,1953/04,1953,April,2.7,2.8
National,U.S.,1953/05,1953,May,2.5,2.5
National,U.S.,1953/06,1953,June,2.5,2.7
National,U.S.,1953/07,1953,July,2.6,2.7
National,U.S.,1953/08,1953,August,2.7,2.4
National,U.S.,1953/09,1953,September,2.9,2.6
National,U.S.,1953/10,1953,October,3.1,2.5
National,U.S.,1953/11,1953,November,3.5,3.2
National,U.S.,1953/12,1953,December,4.5,4.2
National,U.S.,1954/01,1954,January,4.9,5.7
National,U.S.,1954/02,1954,February,5.2,6.3
National,U.S.,1954/03,1954,March,5.7,6.4
National,U.S.,1954/04,1954,April,5.9,6.1
National,U.S.,1954/05,1954,May,5.9,5.7
National,U.S.,1954/06,1954,June,5.6,5.7
National,U.S.,1954/07,1954,July,5.8,5.7
National,U.S.,1954/08,1954,August,6.0,5.4
National,U.S.,1954/09,1954,September,6.1,5.3
National,U.S.,1954/10,1954,October,5.7,4.6
National,U.S.,1954/11,1954,November,5.3,4.9
National,U.S.,1954/12,1954,December,5.0,4.8
National,U.S.,1955/01,1955,January,4.9,5.8
National,U.S.,1955/02,1955,February,4.7,5.7
National,U.S.,1955/03,1955,March,4.6,5.2
National,U.S.,1955/04,1955,April,4.7,4.9
National,U.S.,1955/05,1955,May,4.3,4.2
National,U.S.,1955/06,1955,June,4.2,4.4
National,U.S.,1955/07,1955,July,4.0,4.0
National,U.S.,1955/08,1955,August,4.2,3.8
National,U.S.,1955/09,1955,September,4.1,3.5
National,U.S.,1955/10,1955,October,4.3,3.4
National,U.S.,1955/11,1955,November,4.2,3.8
National,U.S.,1955/12,1955,December,4.2,3.9
National,U.S.,1956/01,1956,January,4.0,4.7
National,U.S.,1956/02,1956,February,3.9,4.8
National,U.S.,1956/03,1956,March,4.2,4.7
National,U.S.,1956/04,1956,April,4.0,4.1
National,U.S.,1956/05,1956,May,4.3,4.2
National,U.S.,1956/06,1956,June,4.3,4.7
National,U.S.,1956/07,1956,July,4.4,4.4
National,U.S.,1956/08,1956,August,4.1,3.7
National,U.S.,1956/09,1956,September,3.9,3.4
National,U.S.,1956/10,1956,October,3.9,3.1
National,U.S.,1956/11,1956,November,4.3,3.9
National,U.S.,1956/12,1956,December,4.2,4.0
National,U.S.,1957/01,1957,January,4.2,4.9
National,U.S.,1957/02,1957,February,3.9,4.7
National,U.S.,1957/03,1957,March,3.7,4.3
National,U.S.,1957/04,1957,April,3.9,4.0
National,U.S.,1957/05,1957,May,4.1,3.9
National,U.S.,1957/06,1957,June,4.3,4.6
National,U.S.,1957/07,1957,July,4.2,4.1
National,U.S.,1957/08,1957,August,4.1,3.7
National,U.S.,1957/09,1957,September,4.4,3.7
National,U.S.,1957/10,1957,October,4.5,3.6
National,U.S.,1957/11,1957,November,5.1,4.6
National,U.S.,1957/12,1957,December,5.2,5.0
National,U.S.,1958/01,1958,January,5.8,6.8
National,U.S.,1958/02,1958,February,6.4,7.7
National,U.S.,1958/03,1958,March,6.7,7.7
National,U.S.,1958/04,1958,April,7.4,7.5
National,U.S.,1958/05,1958,May,7.4,7.1
National,U.S.,1958/06,1958,June,7.3,7.6
National,U.S.,1958/07,1958,July,7.5,7.4
National,U.S.,1958/08,1958,August,7.4,6.7
National,U.S.,1958/09,1958,September,7.1,6.0
National,U.S.,1958/10,1958,October,6.7,5.5
National,U.S.,1958/11,1958,November,6.2,5.6
National,U.S.,1958/12,1958,December,6.2,6.0
National,U.S.,1959/01,1959,January,6.0,7.0
National,U.S.,1959/02,1959,February,5.9,7.0
National,U.S.,1959/03,1959,March,5.6,6.4
National,U.S.,1959/04,1959,April,5.2,5.2
National,U.S.,1959/05,1959,May,5.1,4.9
National,U.S.,1959/06,1959,June,5.0,5.4
National,U.S.,1959/07,1959,July,5.1,5.2
National,U.S.,1959/08,1959,August,5.2,4.8
National,U.S.,1959/09,1959,September,5.5,4.7
National,U.S.,1959/10,1959,October,5.7,4.7
National,U.S.,1959/11,1959,November,5.8,5.3
National,U.S.,1959/12,1959,December,5.3,5.1
National,U.S.,1960/01,1960,January,5.2,6.1
National,U.S.,1960/02,1960,February,4.8,5.7
National,U.S.,1960/03,1960,March,5.4,6.1
National,U.S.,1960/04,1960,April,5.2,5.2
National,U.S.,1960/05,1960,May,5.1,4.8
National,U.S.,1960/06,1960,June,5.4,5.8
National,U.S.,1960/07,1960,July,5.5,5.5
National,U.S.,1960/08,1960,August,5.6,5.2
National,U.S.,1960/09,1960,September,5.5,4.7
National,U.S.,1960/10,1960,October,6.1,5.0
National,U.S.,1960/11,1960,November,6.1,5.6
National,U.S.,1960/12,1960,December,6.6,6.4
National,U.S.,1961/01,1961,January,6.6,7.7
National,U.S.,1961/02,1961,February,6.9,8.1
National,U.S.,1961/03,1961,March,6.9,7.7
National,U.S.,1961/04,1961,April,7.0,7.0
National,U.S.,1961/05,1961,May,7.1,6.6
National,U.S.,1961/06,1961,June,6.9,7.3
National,U.S.,1961/07,1961,July,7.0,6.9
National,U.S.,1961/08,1961,August,6.6,6.2
National,U.S.,1961/09,1961,September,6.7,5.8
National,U.S.,1961/10,1961,October,6.5,5.5
National,U.S.,1961/11,1961,November,6.1,5.6
National,U.S.,1961/12,1961,December,6.0,5.8
National,U.S.,1962/01,1962,January,5.8,6.7
National,U.S.,1962/02,1962,February,5.5,6.5
National,U.S.,1962/03,1962,March,5.6,6.2
National,U.S.,1962/04,1962,April,5.6,5.5
National,U.S.,1962/05,1962,May,5.5,5.1
National,U.S.,1962/06,1962,June,5.5,5.9
National,U.S.,1962/07,1962,July,5.4,5.3
National,U.S.,1962/08,1962,August,5.7,5.3
National,U.S.,1962/09,1962,September,5.6,4.9
National,U.S.,1962/10,1962,October,5.4,4.5
National,U.S.,1962/11,1962,November,5.7,5.3
National,U.S.,1962/12,1962,December,5.5,5.3
National,U.S.,1963/01,1963,January,5.7,6.6
National,U.S.,1963/02,1963,February,5.9,6.9
National,U.S.,1963/03,1963,March,5.7,6.3
National,U.S.,1963/04,1963,April,5.7,5.6
National,U.S.,1963/05,1963,May,5.9,5.5
National,U.S.,1963/06,1963,June,5.6,6.2
National,U.S.,1963/07,1963,July,5.6,5.6
National,U.S.,1963/08,1963,August,5.4,5.2
National,U.S.,1963/09,1963,September,5.5,4.8
National,U.S.,1963/10,1963,October,5.5,4.7
National,U.S.,1963/11,1963,November,5.7,5.3
National,U.S.,1963/12,1963,December,5.5,5.3
National,U.S.,1964/01,1964,January,5.6,6.4
National,U.S.,1964/02,1964,February,5.4,6.2
National,U.S.,1964/03,1964,March,5.4,5.9
National,U.S.,1964/04,1964,April,5.3,5.3
National,U.S.,1964/05,1964,May,5.1,4.8
National,U.S.,1964/06,1964,June,5.2,5.9
National,U.S.,1964/07,1964,July,4.9,4.9
National,U.S.,1964/08,1964,August,5.0,4.8
National,U.S.,1964/09,1964,September,5.1,4.5
National,U.S.,1964/10,1964,October,5.1,4.4
National,U.S.,1964/11,1964,November,4.8,4.5
National,U.S.,1964/12,1964,December,5.0,4.7
National,U.S.,1965/01,1965,January,4.9,5.5
National,U.S.,1965/02,1965,February,5.1,5.7
National,U.S.,1965/03,1965,March,4.7,5.1
National,U.S.,1965/04,1965,April,4.8,4.7
National,U.S.,1965/05,1965,May,4.6,4.3
National,U.S.,1965/06,1965,June,4.6,5.3
National,U.S.,1965/07,1965,July,4.4,4.5
National,U.S.,1965/08,1965,August,4.4,4.2
National,U.S.,1965/09,1965,September,4.3,3.8
National,U.S.,1965/10,1965,October,4.2,3.6
National,U.S.,1965/11,1965,November,4.1,3.9
National,U.S.,1965/12,1965,December,4.0,3.7
National,U.S.,1966/01,1966,January,4.0,4.4
National,U.S.,1966/02,1966,February,3.8,4.2
National,U.S.,1966/03,1966,March,3.8,4.0
National,U.S.,1966/04,1966,April,3.8,3.6
National,U.S.,1966/05,1966,May,3.9,3.7
National,U.S.,1966/06,1966,June,3.8,4.6
National,U.S.,1966/07,1966,July,3.8,3.9
National,U.S.,1966/08,1966,August,3.8,3.6
National,U.S.,1966/09,1966,September,3.7,3.3
National,U.S.,1966/10,1966,October,3.7,3.2
National,U.S.,1966/11,1966,November,3.6,3.4
National,U.S.,1966/12,1966,December,3.8,3.5
National,U.S.,1967/01,1967,January,3.9,4.2
National,U.S.,1967/02,1967,February,3.8,4.2
National,U.S.,1967/03,1967,March,3.8,3.9
National,U.S.,1967/04,1967,April,3.8,3.5
National,U.S.,1967/05,1967,May,3.8,3.2
National,U.S.,1967/06,1967,June,3.9,4.6
National,U.S.,1967/07,1967,July,3.8,4.1
National,U.S.,1967/08,1967,August,3.8,3.7
National,U.S.,1967/09,1967,September,3.8,3.7
National,U.S.,1967/10,1967,October,4.0,3.8
National,U.S.,1967/11,1967,November,3.9,3.7
National,U.S.,1967/12,1967,December,3.8,3.5
National,U.S.,1968/01,1968,January,3.7,4.0
National,U.S.,1968/02,1968,February,3.8,4.2
National,U.S.,1968/03,1968,March,3.7,3.8
National,U.S.,1968/04,1968,April,3.5,3.2
National,U.S.,1968/05,1968,May,3.5,2.9
National,U.S.,1968/06,1968,June,3.7,4.5
National,U.S.,1968/07,1968,July,3.7,4.0
National,U.S.,1968/08,1968,August,3.5,3.5
National,U.S.,1968/09,1968,September,3.4,3.3
National,U.S.,1968/10,1968,October,3.4,3.2
National,U.S.,1968/11,1968,November,3.4,3.3
National,U.S.,1968/12,1968,December,3.4,3.1
National,U.S.,1969/01,1969,January,3.4,3.7
National,U.S.,1969/02,1969,February,3.4,3.7
National,U.S.,1969/03,1969,March,3.4,3.5
National,U.S.,1969/04,1969,April,3.4,3.2
National,U.S.,1969/05,1969,May,3.4,2.9
National,U.S.,1969/06,1969,June,3.5,4.1
National,U.S.,1969/07,1969,July,3.5,3.8
National,U.S.,1969/08,1969,August,3.5,3.5
National,U.S.,1969/09,1969,September,3.7,3.7
National,U.S.,1969/10,1969,October,3.7,3.5
National,U.S.,1969/11,1969,November,3.5,3.3
National,U.S.,1969/12,1969,December,3.5,3.2
National,U.S.,1970/01,1970,January,3.9,4.2
National,U.S.,1970/02,1970,February,4.2,4.7
National,U.S.,1970/03,1970,March,4.4,4.6
National,U.S.,1970/04,1970,April,4.6,4.3
National,U.S.,1970/05,1970,May,4.8,4.1
National,U.S.,1970/06,1970,June,4.9,5.6
National,U.S.,1970/07,1970,July,5.0,5.3
National,U.S.,1970/08,1970,August,5.1,5.0
National,U.S.,1970/09,1970,September,5.4,5.2
National,U.S.,1970/10,1970,October,5.5,5.1
National,U.S.,1970/11,1970,November,5.9,5.5
National,U.S.,1970/12,1970,December,6.1,5.6
National,U.S.,1971/01,1971,January,5.9,6.6
National,U.S.,1971/02,1971,February,5.9,6.6
National,U.S.,1971/03,1971,March,6.0,6.3
National,U.S.,1971/04,1971,April,5.9,5.7
National,U.S.,1971/05,1971,May,5.9,5.3
National,U.S.,1971/06,1971,June,5.9,6.5
National,U.S.,1971/07,1971,July,6.0,6.2
National,U.S.,1971/08,1971,August,6.1,5.9
National,U.S.,1971/09,1971,September,6.0,5.8
National,U.S.,1971/10,1971,October,5.8,5.4
National,U.S.,1971/11,1971,November,6.0,5.7
National,U.S.,1971/12,1971,December,6.0,5.5
National,U.S.,1972/01,1972,January,5.8,6.5
National,U.S.,1972/02,1972,February,5.7,6.4
National,U.S.,1972/03,1972,March,5.8,6.1
National,U.S.,1972/04,1972,April,5.7,5.5
National,U.S.,1972/05,1972,May,5.7,5.1
National,U.S.,1972/06,1972,June,5.7,6.2
National,U.S.,1972/07,1972,July,5.6,5.9
National,U.S.,1972/08,1972,August,5.6,5.5
National,U.S.,1972/09,1972,September,5.5,5.4
National,U.S.,1972/10,1972,October,5.6,5.1
National,U.S.,1972/11,1972,November,5.3,4.9
National,U.S.,1972/12,1972,December,5.2,4.8
National,U.S.,1973/01,1973,January,4.9,5.5
National,U.S.,1973/02,1973,February,5.0,5.6
National,U.S.,1973/03,1973,March,4.9,5.2
National,U.S.,1973/04,1973,April,5.0,4.8
National,U.S.,1973/05,1973,May,4.9,4.4
National,U.S.,1973/06,1973,June,4.9,5.4
National,U.S.,1973/07,1973,July,4.8,5.0
National,U.S.,1973/08,1973,August,4.8,4.7
National,U.S.,1973/09,1973,September,4.8,4.7
National,U.S.,1973/10,1973,October,4.6,4.2
National,U.S.,1973/11,1973,November,4.8,4.6
National,U.S.,1973/12,1973,December,4.9,4.6
National,U.S.,1974/01,1974,January,5.1,5.7
National,U.S.,1974/02,1974,February,5.2,5.8
National,U.S.,1974/03,1974,March,5.1,5.3
National,U.S.,1974/04,1974,April,5.1,4.8
National,U.S.,1974/05,1974,May,5.1,4.6
National,U.S.,1974/06,1974,June,5.4,5.8
National,U.S.,1974/07,1974,July,5.5,5.7
National,U.S.,1974/08,1974,August,5.5,5.3
National,U.S.,1974/09,1974,September,5.9,5.7
National,U.S.,1974/10,1974,October,6.0,5.5
National,U.S.,1974/11,1974,November,6.6,6.2
National,U.S.,1974/12,1974,December,7.2,6.7
National,U.S.,1975/01,1975,January,8.1,9.0
National,U.S.,1975/02,1975,February,8.1,9.1
National,U.S.,1975/03,1975,March,8.6,9.1
National,U.S.,1975/04,1975,April,8.8,8.6
National,U.S.,1975/05,1975,May,9.0,8.3
National,U.S.,1975/06,1975,June,8.8,9.1
National,U.S.,1975/07,1975,July,8.6,8.7
National,U.S.,1975/08,1975,August,8.4,8.2
National,U.S.,1975/09,1975,September,8.4,8.1
National,U.S.,1975/10,1975,October,8.4,7.8
National,U.S.,1975/11,1975,November,8.3,7.8
National,U.S.,1975/12,1975,December,8.2,7.8
National,U.S.,1976/01,1976,January,7.9,8.8
National,U.S.,1976/02,1976,February,7.7,8.7
National,U.S.,1976/03,1976,March,7.6,8.1
National,U.S.,1976/04,1976,April,7.7,7.4
National,U.S.,1976/05,1976,May,7.4,6.8
National,U.S.,1976/06,1976,June,7.6,8.0
National,U.S.,1976/07,1976,July,7.8,7.8
National,U.S.,1976/08,1976,August,7.8,7.6
National,U.S.,1976/09,1976,September,7.6,7.4
National,U.S.,1976/10,1976,October,7.7,7.2
National,U.S.,1976/11,1976,November,7.8,7.4
National,U.S.,1976/12,1976,December,7.8,7.4
National,U.S.,1977/01,1977,January,7.5,8.3
National,U.S.,1977/02,1977,February,7.6,8.5
National,U.S.,1977/03,1977,March,7.4,7.9
National,U.S.,1977/04,1977,April,7.2,6.9
National,U.S.,1977/05,1977,May,7.0,6.4
National,U.S.,1977/06,1977,June,7.2,7.5
National,U.S.,1977/07,1977,July,6.9,7.0
National,U.S.,1977/08,1977,August,7.0,6.8
National,U.S.,1977/09,1977,September,6.8,6.6
National,U.S.,1977/10,1977,October,6.8,6.4
National,U.S.,1977/11,1977,November,6.8,6.5
National,U.S.,1977/12,1977,December,6.4,6.0
National,U.S.,1978/01,1978,January,6.4,7.1
National,U.S.,1978/02,1978,February,6.3,6.9
National,U.S.,1978/03,1978,March,6.3,6.6
National,U.S.,1978/04,1978,April,6.1,5.8
National,U.S.,1978/05,1978,May,6.0,5.5
National,U.S.,1978/06,1978,June,5.9,6.2
National,U.S.,1978/07,1978,July,6.2,6.3
National,U.S.,1978/08,1978,August,5.9,5.9
National,U.S.,1978/09,1978,September,6.0,5.8
National,U.S.,1978/10,1978,October,5.8,5.4
National,U.S.,1978/11,1978,November,5.9,5.6
National,U.S.,1978/12,1978,December,6.0,5.7
National,U.S.,1979/01,1979,January,5.9,6.4
National,U.S.,1979/02,1979,February,5.9,6.4
National,U.S.,1979/03,1979,March,5.8,6.1
National,U.S.,1979/04,1979,April,5.8,5.5
National,U.S.,1979/05,1979,May,5.6,5.2
National,U.S.,1979/06,1979,June,5.7,6.0
National,U.S.,1979/07,1979,July,5.7,5.9
National,U.S.,1979/08,1979,August,6.0,5.9
National,U.S.,1979/09,1979,September,5.9,5.7
National,U.S.,1979/10,1979,October,6.0,5.6
National,U.S.,1979/11,1979,November,5.9,5.6
National,U.S.,1979/12,1979,December,6.0,5.7
National,U.S.,1980/01,1980,January,6.3,6.9
National,U.S.,1980/02,1980,February,6.3,6.8
National,U.S.,1980/03,1980,March,6.3,6.6
National,U.S.,1980/04,1980,April,6.9,6.7
National,U.S.,1980/05,1980,May,7.5,7.1
National,U.S.,1980/06,1980,June,7.6,7.8
National,U.S.,1980/07,1980,July,7.8,7.9
National,U.S.,1980/08,1980,August,7.7,7.6
National,U.S.,1980/09,1980,September,7.5,7.2
National,U.S.,1980/10,1980,October,7.5,7.1
National,U.S.,1980/11,1980,November,7.5,7.1
National,U.S.,1980/12,1980,December,7.2,6.9
National,U.S.,1981/01,1981,January,7.5,8.2
National,U.S.,1981/02,1981,February,7.4,8.0
National,U.S.,1981/03,1981,March,7.4,7.7
National,U.S.,1981/04,1981,April,7.2,7.0
National,U.S.,1981/05,1981,May,7.5,7.1
National,U.S.,1981/06,1981,June,7.5,7.7
National,U.S.,1981/07,1981,July,7.2,7.3
National,U.S.,1981/08,1981,August,7.4,7.2
National,U.S.,1981/09,1981,September,7.6,7.3
National,U.S.,1981/10,1981,October,7.9,7.5
National,U.S.,1981/11,1981,November,8.3,7.9
National,U.S.,1981/12,1981,December,8.5,8.3
National,U.S.,1982/01,1982,January,8.6,9.4
National,U.S.,1982/02,1982,February,8.9,9.6
National,U.S.,1982/03,1982,March,9.0,9.5
National,U.S.,1982/04,1982,April,9.3,9.2
National,U.S.,1982/05,1982,May,9.4,9.1
National,U.S.,1982/06,1982,June,9.6,9.8
National,U.S.,1982/07,1982,July,9.8,9.8
National,U.S.,1982/08,1982,August,9.8,9.6
National,U.S.,1982/09,1982,September,10.1,9.7
National,U.S.,1982/10,1982,October,10.4,9.9
National,U.S.,1982/11,1982,November,10.8,10.4
National,U.S.,1982/12,1982,December,10.8,10.5
National,U.S.,1983/01,1983,January,10.4,11.4
National,U.S.,1983/02,1983,February,10.4,11.3
National,U.S.,1983/03,1983,March,10.3,10.8
National,U.S.,1983/04,1983,April,10.2,10.0
National,U.S.,1983/05,1983,May,10.1,9.8
National,U.S.,1983/06,1983,June,10.1,10.2
National,U.S.,1983/07,1983,July,9.4,9.4
National,U.S.,1983/08,1983,August,9.5,9.2
National,U.S.,1983/09,1983,September,9.2,8.8
National,U.S.,1983/10,1983,October,8.8,8.4
National,U.S.,1983/11,1983,November,8.5,8.1
National,U.S.,1983/12,1983,December,8.3,8.0
National,U.S.,1984/01,1984,January,8.0,8.8
National,U.S.,1984/02,1984,February,7.8,8.4
National,U.S.,1984/03,1984,March,7.8,8.1
National,U.S.,1984/04,1984,April,7.7,7.6
National,U.S.,1984/05,1984,May,7.4,7.2
National,U.S.,1984/06,1984,June,7.2,7.4
National,U.S.,1984/07,1984,July,7.5,7.5
National,U.S.,1984/08,1984,August,7.5,7.3
National,U.S.,1984/09,1984,September,7.3,7.1
National,U.S.,1984/10,1984,October,7.4,7.0
National,U.S.,1984/11,1984,November,7.2,6.9
National,U.S.,1984/12,1984,December,7.3,7.0
National,U.S.,1985/01,1985,January,7.3,8.0
National,U.S.,1985/02,1985,February,7.2,7.8
National,U.S.,1985/03,1985,March,7.2,7.5
National,U.S.,1985/04,1985,April,7.3,7.1
National,U.S.,1985/05,1985,May,7.2,7.0
National,U.S.,1985/06,1985,June,7.4,7.5
National,U.S.,1985/07,1985,July,7.4,7.4
National,U.S.,1985/08,1985,August,7.1,6.9
National,U.S.,1985/09,1985,September,7.1,6.9
National,U.S.,1985/10,1985,October,7.1,6.8
National,U.S.,1985/11,1985,November,7.0,6.7
National,U.S.,1985/12,1985,December,7.0,6.7
National,U.S.,1986/01,1986,January,6.7,7.3
National,U.S.,1986/02,1986,February,7.2,7.8
National,U.S.,1986/03,1986,March,7.2,7.5
National,U.S.,1986/04,1986,April,7.1,7.0
National,U.S.,1986/05,1986,May,7.2,7.0
National,U.S.,1986/06,1986,June,7.2,7.3
National,U.S.,1986/07,1986,July,7.0,7.0
National,U.S.,1986/08,1986,August,6.9,6.7
National,U.S.,1986/09,1986,September,7.0,6.8
National,U.S.,1986/10,1986,October,7.0,6.6
National,U.S.,1986/11,1986,November,6.9,6.6
National,U.S.,1986/12,1986,December,6.6,6.3
National,U.S.,1987/01,1987,January,6.6,7.3
National,U.S.,1987/02,1987,February,6.6,7.2
National,U.S.,1987/03,1987,March,6.6,6.9
National,U.S.,1987/04,1987,April,6.3,6.2
National,U.S.,1987/05,1987,May,6.3,6.1
National,U.S.,1987/06,1987,June,6.2,6.3
National,U.S.,1987/07,1987,July,6.1,6.1
National,U.S.,1987/08,1987,August,6.0,5.8
National,U.S.,1987/09,1987,September,5.9,5.7
National,U.S.,1987/10,1987,October,6.0,5.7
National,U.S.,1987/11,1987,November,5.8,5.6
National,U.S.,1987/12,1987,December,5.7,5.4
National,U.S.,1988/01,1988,January,5.7,6.3
National,U.S.,1988/02,1988,February,5.7,6.2
National,U.S.,1988/03,1988,March,5.7,5.9
National,U.S.,1988/04,1988,April,5.4,5.3
National,U.S.,1988/05,1988,May,5.6,5.4
National,U.S.,1988/06,1988,June,5.4,5.5
National,U.S.,1988/07,1988,July,5.4,5.5
National,U.S.,1988/08,1988,August,5.6,5.4
National,U.S.,1988/09,1988,September,5.4,5.2
National,U.S.,1988/10,1988,October,5.4,5.0
National,U.S.,1988/11,1988,November,5.3,5.2
National,U.S.,1988/12,1988,December,5.3,5.0
National,U.S.,1989/01,1989,January,5.4,6.0
National,U.S.,1989/02,1989,February,5.2,5.6
National,U.S.,1989/03,1989,March,5.0,5.2
National,U.S.,1989/04,1989,April,5.2,5.1
National,U.S.,1989/05,1989,May,5.2,5.0
National,U.S.,1989/06,1989,June,5.3,5.5
National,U.S.,1989/07,1989,July,5.2,5.3
National,U.S.,1989/08,1989,August,5.2,5.1
National,U.S.,1989/09,1989,September,5.3,5.1
National,U.S.,1989/10,1989,October,5.3,5.0
National,U.S.,1989/11,1989,November,5.4,5.2
National,U.S.,1989/12,1989,December,5.4,5.1
National,U.S.,1990/01,1990,January,5.4,6.0
National,U.S.,1990/02,1990,February,5.3,5.9
National,U.S.,1990/03,1990,March,5.2,5.5
National,U.S.,1990/04,1990,April,5.4,5.3
National,U.S.,1990/05,1990,May,5.4,5.2
National,U.S.,1990/06,1990,June,5.2,5.4
National,U.S.,1990/07,1990,July,5.5,5.6
National,U.S.,1990/08,1990,August,5.7,5.5
National,U.S.,1990/09,1990,September,5.9,5.6
National,U.S.,1990/10,1990,October,5.9,5.5
National,U.S.,1990/11,1990,November,6.2,5.9
National,U.S.,1990/12,1990,December,6.3,6.0
National,U.S.,1991/01,1991,January,6.4,7.1
National,U.S.,1991/02,1991,February,6.6,7.3
National,U.S.,1991/03,1991,March,6.8,7.2
National,U.S.,1991/04,1991,April,6.7,6.5
National,U.S.,1991/05,1991,May,6.9,6.7
National,U.S.,1991/06,1991,June,6.9,7.0
National,U.S.,1991/07,1991,July,6.8,6.8
National,U.S.,1991/08,1991,August,6.9,6.6
National,U.S.,1991/09,1991,September,6.9,6.5
National,U.S.,1991/10,1991,October,7.0,6.5
National,U.S.,1991/11,1991,November,7.0,6.7
National,U.S.,1991/12,1991,December,7.3,6.9
National,U.S.,1992/01,1992,January,7.3,8.1
National,U.S.,1992/02,1992,February,7.4,8.2
National,U.S.,1992/03,1992,March,7.4,7.8
National,U.S.,1992/04,1992,April,7.4,7.2
National,U.S.,1992/05,1992,May,7.6,7.3
National,U.S.,1992/06,1992,June,7.8,8.0
National,U.S.,1992/07,1992,July,7.7,7.7
National,U.S.,1992/08,1992,August,7.6,7.4
National,U.S.,1992/09,1992,September,7.6,7.3
National,U.S.,1992/10,1992,October,7.3,6.9
National,U.S.,1992/11,1992,November,7.4,7.1
National,U.S.,1992/12,1992,December,7.4,7.1
National,U.S.,1993/01,1993,January,7.3,8.0
National,U.S.,1993/02,1993,February,7.1,7.8
National,U.S.,1993/03,1993,March,7.0,7.4
National,U.S.,1993/04,1993,April,7.1,6.9
National,U.S.,1993/05,1993,May,7.1,6.8
National,U.S.,1993/06,1993,June,7.0,7.2
National,U.S.,1993/07,1993,July,6.9,7.0
National,U.S.,1993/08,1993,August,6.8,6.6
National,U.S.,1993/09,1993,September,6.7,6.4
National,U.S.,1993/10,1993,October,6.8,6.4
National,U.S.,1993/11,1993,November,6.6,6.2
National,U.S.,1993/12,1993,December,6.5,6.1
National,U.S.,1994/01,1994,January,6.6,7.3
National,U.S.,1994/02,1994,February,6.6,7.1
National,U.S.,1994/03,1994,March,6.5,6.8
National,U.S.,1994/04,1994,April,6.4,6.2
National,U.S.,1994/05,1994,May,6.1,5.9
National,U.S.,1994/06,1994,June,6.1,6.2
National,U.S.,1994/07,1994,July,6.1,6.2
National,U.S.,1994/08,1994,August,6.0,5.9
National,U.S.,1994/09,1994,September,5.9,5.6
National,U.S.,1994/10,1994,October,5.8,5.4
National,U.S.,1994/11,1994,November,5.6,5.3
National,U.S.,1994/12,1994,December,5.5,5.1
National,U.S.,1995/01,1995,January,5.6,6.2
National,U.S.,1995/02,1995,February,5.4,5.9
National,U.S.,1995/03,1995,March,5.4,5.7
National,U.S.,1995/04,1995,April,5.8,5.6
National,U.S.,1995/05,1995,May,5.6,5.5
National,U.S.,1995/06,1995,June,5.6,5.8
National,U.S.,1995/07,1995,July,5.7,5.9
National,U.S.,1995/08,1995,August,5.7,5.6
National,U.S.,1995/09,1995,September,5.6,5.4
National,U.S.,1995/10,1995,October,5.5,5.2
National,U.S.,1995/11,1995,November,5.6,5.3
National,U.S.,1995/12,1995,December,5.6,5.2
National,U.S.,1996/01,1996,January,5.6,6.3
National,U.S.,1996/02,1996,February,5.5,6.0
National,U.S.,1996/03,1996,March,5.5,5.8
National,U.S.,1996/04,1996,April,5.6,5.4
National,U.S.,1996/05,1996,May,5.6,5.4
National,U.S.,1996/06,1996,June,5.3,5.5
National,U.S.,1996/07,1996,July,5.5,5.6
National,U.S.,1996/08,1996,August,5.1,5.1
National,U.S.,1996/09,1996,September,5.2,5.0
National,U.S.,1996/10,1996,October,5.2,4.9
National,U.S.,1996/11,1996,November,5.4,5.0
National,U.S.,1996/12,1996,December,5.4,5.0
National,U.S.,1997/01,1997,January,5.3,5.9
National,U.S.,1997/02,1997,February,5.2,5.7
National,U.S.,1997/03,1997,March,5.2,5.5
National,U.S.,1997/04,1997,April,5.1,4.8
National,U.S.,1997/05,1997,May,4.9,4.7
National,U.S.,1997/06,1997,June,5.0,5.2
National,U.S.,1997/07,1997,July,4.9,5.0
National,U.S.,1997/08,1997,August,4.8,4.8
National,U.S.,1997/09,1997,September,4.9,4.7
National,U.S.,1997/10,1997,October,4.7,4.4
National,U.S.,1997/11,1997,November,4.6,4.3
National,U.S.,1997/12,1997,December,4.7,4.4
National,U.S.,1998/01,1998,January,4.6,5.2
National,U.S.,1998/02,1998,February,4.6,5.0
National,U.S.,1998/03,1998,March,4.7,5.0
National,U.S.,1998/04,1998,April,4.3,4.1
National,U.S.,1998/05,1998,May,4.4,4.2
National,U.S.,1998/06,1998,June,4.5,4.7
National,U.S.,1998/07,1998,July,4.5,4.7
National,U.S.,1998/08,1998,August,4.5,4.5
National,U.S.,1998/09,1998,September,4.6,4.4
National,U.S.,1998/10,1998,October,4.5,4.2
National,U.S.,1998/11,1998,November,4.4,4.1
National,U.S.,1998/12,1998,December,4.4,4.0
National,U.S.,1999/01,1999,January,4.3,4.8
National,U.S.,1999/02,1999,February,4.4,4.7
National,U.S.,1999/03,1999,March,4.2,4.4
National,U.S.,1999/04,1999,April,4.3,4.1
National,U.S.,1999/05,1999,May,4.2,4.0
National,U.S.,1999/06,1999,June,4.3,4.5
National,U.S.,1999/07,1999,July,4.3,4.5
National,U.S.,1999/08,1999,August,4.2,4.2
National,U.S.,1999/09,1999,September,4.2,4.1
National,U.S.,1999/10,1999,October,4.1,3.8
National,U.S.,1999/11,1999,November,4.1,3.8
National,U.S.,1999/12,1999,December,4.0,3.7
National,U.S.,2000/01,2000,January,4.0,4.5
National,U.S.,2000/02,2000,February,4.1,4.4
National,U.S.,2000/03,2000,March,4.0,4.3
National,U.S.,2000/04,2000,April,3.8,3.7
National,U.S.,2000/05,2000,May,4.0,3.8
National,U.S.,2000/06,2000,June,4.0,4.1
National,U.S.,2000/07,2000,July,4.0,4.2
National,U.S.,2000/08,2000,August,4.1,4.1
National,U.S.,2000/09,2000,September,3.9,3.8
National,U.S.,2000/10,2000,October,3.9,3.6
National,U.S.,2000/11,2000,November,3.9,3.7
National,U.S.,2000/12,2000,December,3.9,3.7
National,U.S.,2001/01,2001,January,4.2,4.7
National,U.S.,2001/02,2001,February,4.2,4.6
National,U.S.,2001/03,2001,March,4.3,4.5
National,U.S.,2001/04,2001,April,4.4,4.2
National,U.S.,2001/05,2001,May,4.3,4.1
National,U.S.,2001/06,2001,June,4.5,4.7
National,U.S.,2001/07,2001,July,4.6,4.7
National,U.S.,2001/08,2001,August,4.9,4.9
National,U.S.,2001/09,2001,September,5.0,4.7
National,U.S.,2001/10,2001,October,5.3,5.0
National,U.S.,2001/11,2001,November,5.5,5.3
National,U.S.,2001/12,2001,December,5.7,5.4
National,U.S.,2002/01,2002,January,5.7,6.3
National,U.S.,2002/02,2002,February,5.7,6.1
National,U.S.,2002/03,2002,March,5.7,6.1
National,U.S.,2002/04,2002,April,5.9,5.7
National,U.S.,2002/05,2002,May,5.8,5.5
National,U.S.,2002/06,2002,June,5.8,6.0
National,U.S.,2002/07,2002,July,5.8,5.9
National,U.S.,2002/08,2002,August,5.7,5.7
National,U.S.,2002/09,2002,September,5.7,5.4
National,U.S.,2002/10,2002,October,5.7,5.3
National,U.S.,2002/11,2002,November,5.9,5.6
National,U.S.,2002/12,2002,December,6.0,5.7
National,U.S.,2003/01,2003,January,5.8,6.5
National,U.S.,2003/02,2003,February,5.9,6.4
National,U.S.,2003/03,2003,March,5.9,6.2
National,U.S.,2003/04,2003,April,6.0,5.8
National,U.S.,2003/05,2003,May,6.1,5.8
National,U.S.,2003/06,2003,June,6.3,6.5
National,U.S.,2003/07,2003,July,6.2,6.3
National,U.S.,2003/08,2003,August,6.1,6.0
National,U.S.,2003/09,2003,September,6.1,5.8
National,U.S.,2003/10,2003,October,6.0,5.6
National,U.S.,2003/11,2003,November,5.8,5.6
National,U.S.,2003/12,2003,December,5.7,5.4
National,U.S.,2004/01,2004,January,5.7,6.3
National,U.S.,2004/02,2004,February,5.6,6.0
National,U.S.,2004/03,2004,March,5.8,6.0
National,U.S.,2004/04,2004,April,5.6,5.4
National,U.S.,2004/05,2004,May,5.6,5.3
National,U.S.,2004/06,2004,June,5.6,5.8
National,U.S.,2004/07,2004,July,5.5,5.7
National,U.S.,2004/08,2004,August,5.4,5.4
National,U.S.,2004/09,2004,September,5.4,5.1
National,U.S.,2004/10,2004,October,5.5,5.1
National,U.S.,2004/11,2004,November,5.4,5.2
National,U.S.,2004/12,2004,December,5.4,5.1
National,U.S.,2005/01,2005,January,5.3,5.7
National,U.S.,2005/02,2005,February,5.4,5.8
National,U.S.,2005/03,2005,March,5.2,5.4
National,U.S.,2005/04,2005,April,5.2,4.9
National,U.S.,2005/05,2005,May,5.1,4.9
National,U.S.,2005/06,2005,June,5.0,5.2
National,U.S.,2005/07,2005,July,5.0,5.2
National,U.S.,2005/08,2005,August,4.9,4.9
National,U.S.,2005/09,2005,September,5.0,4.8
National,U.S.,2005/10,2005,October,5.0,4.6
National,U.S.,2005/11,2005,November,5.0,4.8
National,U.S.,2005/12,2005,December,4.9,4.6
National,U.S.,2006/01,2006,January,4.7,5.1
National,U.S.,2006/02,2006,February,4.8,5.1
National,U.S.,2006/03,2006,March,4.7,4.8
National,U.S.,2006/04,2006,April,4.7,4.5
National,U.S.,2006/05,2006,May,4.6,4.4
National,U.S.,2006/06,2006,June,4.6,4.8
National,U.S.,2006/07,2006,July,4.7,5.0
National,U.S.,2006/08,2006,August,4.7,4.6
National,U.S.,2006/09,2006,September,4.5,4.4
National,U.S.,2006/10,2006,October,4.4,4.1
National,U.S.,2006/11,2006,November,4.5,4.3
National,U.S.,2006/12,2006,December,4.4,4.3
National,U.S.,2007/01,2007,January,4.6,5.0
National,U.S.,2007/02,2007,February,4.5,4.9
National,U.S.,2007/03,2007,March,4.4,4.5
National,U.S.,2007/04,2007,April,4.5,4.3
National,U.S.,2007/05,2007,May,4.4,4.3
National,U.S.,2007/06,2007,June,4.6,4.7
National,U.S.,2007/07,2007,July,4.7,4.9
National,U.S.,2007/08,2007,August,4.6,4.6
National,U.S.,2007/09,2007,September,4.7,4.5
National,U.S.,2007/10,2007,October,4.7,4.4
National,U.S.,2007/11,2007,November,4.7,4.5
National,U.S.,2007/12,2007,December,5.0,4.8
National,U.S.,2008/01,2008,January,5.0,5.4
National,U.S.,2008/02,2008,February,4.9,5.2
National,U.S.,2008/03,2008,March,5.1,5.2
National,U.S.,2008/04,2008,April,5.0,4.8
National,U.S.,2008/05,2008,May,5.4,5.2
National,U.S.,2008/06,2008,June,5.6,5.7
National,U.S.,2008/07,2008,July,5.8,6.0
National,U.S.,2008/08,2008,August,6.1,6.1
National,U.S.,2008/09,2008,September,6.1,6.0
National,U.S.,2008/10,2008,October,6.5,6.1
National,U.S.,2008/11,2008,November,6.8,6.5
National,U.S.,2008/12,2008,December,7.3,7.1
National,U.S.,2009/01,2009,January,7.8,8.5
National,U.S.,2009/02,2009,February,8.3,8.9
National,U.S.,2009/03,2009,March,8.7,9.0
National,U.S.,2009/04,2009,April,9.0,8.6
National,U.S.,2009/05,2009,May,9.4,9.1
National,U.S.,2009/06,2009,June,9.5,9.7
National,U.S.,2009/07,2009,July,9.5,9.7
National,U.S.,2009/08,2009,August,9.6,9.6
National,U.S.,2009/09,2009,September,9.8,9.5
National,U.S.,2009/10,2009,October,10.0,9.5
National,U.S.,2009/11,2009,November,9.9,9.4
National,U.S.,2009/12,2009,December,9.9,9.7
National,U.S.,2010/01,2010,January,9.8,10.6
National,U.S.,2010/02,2010,February,9.8,10.4
National,U.S.,2010/03,2010,March,9.9,10.2
National,U.S.,2010/04,2010,April,9.9,9.5
National,U.S.,2010/05,2010,May,9.6,9.3
National,U.S.,2010/06,2010,June,9.4,9.6
National,U.S.,2010/07,2010,July,9.4,9.7
National,U.S.,2010/08,2010,August,9.5,9.5
National,U.S.,2010/09,2010,September,9.5,9.2
National,U.S.,2010/10,2010,October,9.4,9.0
National,U.S.,2010/11,2010,November,9.8,9.3
National,U.S.,2010/12,2010,December,9.3,9.1
National,U.S.,2011/01,2011,January,9.1,9.8
National,U.S.,2011/02,2011,February,9.0,9.5
National,U.S.,2011/03,2011,March,9.0,9.2
National,U.S.,2011/04,2011,April,9.1,8.7
National,U.S.,2011/05,2011,May,9.0,8.7
National,U.S.,2011/06,2011,June,9.1,9.3
National,U.S.,2011/07,2011,July,9.0,9.3
National,U.S.,2011/08,2011,August,9.0,9.1
National,U.S.,2011/09,2011,September,9.0,8.8
National,U.S.,2011/10,2011,October,8.8,8.5
National,U.S.,2011/11,2011,November,8.6,8.2
National,U.S.,2011/12,2011,December,8.5,8.3
National,U.S.,2012/01,2012,January,8.3,8.8
National,U.S.,2012/02,2012,February,8.3,8.7
National,U.S.,2012/03,2012,March,8.2,8.4
National,U.S.,2012/04,2012,April,8.2,7.7
National,U.S.,2012/05,2012,May,8.2,7.9
National,U.S.,2012/06,2012,June,8.2,8.4
National,U.S.,2012/07,2012,July,8.2,8.6
National,U.S.,2012/08,2012,August,8.1,8.2
National,U.S.,2012/09,2012,September,7.8,7.6
National,U.S.,2012/10,2012,October,7.8,7.5
National,U.S.,2012/11,2012,November,7.7,7.4
National,U.S.,2012/12,2012,December,7.9,7.6
National,U.S.,2013/01,2013,January,8.0,8.5
National,U.S.,2013/02,2013,February,7.7,8.1
National,U.S.,2013/03,2013,March,7.5,7.6
National,U.S.,2013/04,2013,April,7.6,7.1
National,U.S.,2013/05,2013,May,7.5,7.3
National,U.S.,2013/06,2013,June,7.5,7.8
National,U.S.,2013/07,2013,July,7.3,7.7
National,U.S.,2013/08,2013,August,7.2,7.3
National,U.S.,2013/09,2013,September,7.2,7.0
National,U.S.,2013/10,2013,October,7.2,7.0
National,U.S.,2013/11,2013,November,6.9,6.6
National,U.S.,2013/12,2013,December,6.7,6.5
National,U.S.,2014/01,2014,January,6.6,7.0
National,U.S.,2014/02,2014,February,6.7,7.0
National,U.S.,2014/03,2014,March,6.7,6.8
National,U.S.,2014/04,2014,April,6.2,5.9
National,U.S.,2014/05,2014,May,6.3,6.1
National,U.S.,2014/06,2014,June,6.1,6.3
National,U.S.,2014/07,2014,July,6.2,6.5
National,U.S.,2014/08,2014,August,6.1,6.3
National,U.S.,2014/09,2014,September,5.9,5.7
National,U.S.,2014/10,2014,October,5.7,5.5
National,U.S.,2014/11,2014,November,5.8,5.5
National,U.S.,2014/12,2014,December,5.6,5.4
National,U.S.,2015/01,2015,January,5.7,6.1
National,U.S.,2015/02,2015,February,5.5,5.8
National,U.S.,2015/03,2015,March,5.4,5.6
National,U.S.,2015/04,2015,April,5.4,5.1
National,U.S.,2015/05,2015,May,5.6,5.3
National,U.S.,2015/06,2015,June,5.3,5.5
National,U.S.,2015/07,2015,July,5.2,5.6
National,U.S.,2015/08,2015,August,5.1,5.2
National,U.S.,2015/09,2015,September,5.0,4.9
National,U.S.,2015/10,2015,October,5.0,4.8
National,U.S.,2015/11,2015,November,5.1,4.8
National,U.S.,2015/12,2015,December,5.0,4.8
National,U.S.,2016/01,2016,January,4.8,5.3
National,U.S.,2016/02,2016,February,4.9,5.2
National,U.S.,2016/03,2016,March,5.0,5.1
National,U.S.,2016/04,2016,April,5.1,4.7
National,U.S.,2016/05,2016,May,4.8,4.5
National,U.S.,2016/06,2016,June,4.9,5.1
National,U.S.,2016/07,2016,July,4.8,5.1
National,U.S.,2016/08,2016,August,4.9,5.0
National,U.S.,2016/09,2016,September,5.0,4.8
National,U.S.,2016/10,2016,October,4.9,4.7
National,U.S.,2016/11,2016,November,4.7,4.4
National,U.S.,2016/12,2016,December,4.7,4.5
National,U.S.,2017/01,2017,January,4.7,5.1
National,U.S.,2017/02,2017,February,4.6,4.9
National,U.S.,2017/03,2017,March,4.4,4.6
National,U.S.,2017/04,2017,April,4.4,4.1
National,U.S.,2017/05,2017,May,4.4,4.1
National,U.S.,2017/06,2017,June,4.3,4.5
National,U.S.,2017/07,2017,July,4.3,4.6
National,U.S.,2017/08,2017,August,4.4,4.5
National,U.S.,2017/09,2017,September,4.3,4.1
National,U.S.,2017/10,2017,October,4.2,3.9
National,U.S.,2017/11,2017,November,4.2,3.9
National,U.S.,2017/12,2017,December,4.1,3.9
National,U.S.,2018/01,2018,January,4.0,4.5
National,U.S.,2018/02,2018,February,4.1,4.4
National,U.S.,2018/03,2018,March,4.0,4.1
National,U.S.,2018/04,2018,April,4.0,3.7
National,U.S.,2018/05,2018,May,3.8,3.6
National,U.S.,2018/06,2018,June,4.0,4.2
National,U.S.,2018/07,2018,July,3.8,4.1
National,U.S.,2018/08,2018,August,3.8,3.9
National,U.S.,2018/09,2018,September,3.7,3.6
National,U.S.,2018/10,2018,October,3.8,3.5
National,U.S.,2018/11,2018,November,3.8,3.5
National,U.S.,2018/12,2018,December,3.9,3.7
National,U.S.,2019/01,2019,January,4.0,4.4
National,U.S.,2019/02,2019,February,3.8,4.1
National,U.S.,2019/03,2019,March,3.8,3.9
National,U.S.,2019/04,2019,April,3.7,3.3
National,U.S.,2019/05,2019,May,3.6,3.4
National,U.S.,2019/06,2019,June,3.6,3.8
National,U.S.,2019/07,2019,July,3.7,4.0
National,U.S.,2019/08,2019,August,3.6,3.8
National,U.S.,2019/09,2019,September,3.5,3.3
National,U.S.,2019/10,2019,October,3.6,3.3
National,U.S.,2019/11,2019,November,3.6,3.3
National,U.S.,2019/12,2019,December,3.6,3.4
National,U.S.,2020/01,2020,January,3.6,4.0
National,U.S.,2020/02,2020,February,3.5,3.8
National,U.S.,2020/03,2020,March,4.4,4.5
National,U.S.,2020/04,2020,April,14.8,14.4
National,U.S.,2020/05,2020,May,13.2,13.0
National,U.S.,2020/06,2020,June,11.0,11.2
National,U.S.,2020/07,2020,July,10.2,10.5
National,U.S.,2020/08,2020,August,8.4,8.5
National,U.S.,2020/09,2020,September,7.8,7.7
National,U.S.,2020/10,2020,October,6.8,6.6
National,U.S.,2020/11,2020,November,6.7,6.4
National,U.S.,2020/12,2020,December,6.7,6.5
National,U.S.,2021/01,2021,January,6.4,6.8
National,U.S.,2021/02,2021,February,6.2,6.6
National,U.S.,2021/03,2021,March,6.1,6.2
National,U.S.,2021/04,2021,April,6.1,5.7
National,U.S.,2021/05,2021,May,5.8,5.5
National,U.S.,2021/06,2021,June,5.9,6.1
National,U.S.,2021/07,2021,July,5.4,5.7
National,U.S.,2021/08,2021,August,5.1,5.3
National,U.S.,2021/09,2021,September,4.7,4.6
National,U.S.,2021/10,2021,October,4.5,4.3
National,U.S.,2021/11,2021,November,4.1,3.9
National,U.S.,2021/12,2021,December,3.9,3.7
National,U.S.,2022/01,2022,January,4.0,4.4
National,U.S.,2022/02,2022,February,3.8,4.1
National,U.S.,2022/03,2022,March,3.6,3.8
National,U.S.,2022/04,2022,April,3.7,3.3
National,U.S.,2022/05,2022,May,3.6,3.4
National,U.S.,2022/06,2022,June,3.6,3.8
National,U.S.,2022/07,2022,July,3.5,3.8
National,U.S.,2022/08,2022,August,3.6,3.8
National,U.S.,2022/09,2022,September,3.5,3.3
National,U.S.,2022/10,2022,October,3.6,3.4
National,U.S.,2022/11,2022,November,3.6,3.4
National,U.S.,2022/12,2022,December,3.5,3.3
National,U.S.,2023/01,2023,January,3.4,3.9
National,U.S.,2023/02,2023,February,3.6,3.9
National,U.S.,2023/03,2023,March,3.5,3.6
National,U.S.,2023/04,2023,April,3.4,3.1
National,U.S.,2023/05,2023,May,3.7,3.4
National,U.S.,2023/06,2023,June,3.6,3.8
National,U.S.,2023/07,2023,July,3.5,3.8
National,U.S.,2023/08,2023,August,3.8,3.9
National,U.S.,2023/09,2023,September,3.8,3.6
National,U.S.,2023/10,2023,October,3.8,3.6
National,U.S.,2023/11,2023,November,3.7,3.5
National,U.S.,2023/12,2023,December,3.7,3.5
National,U.S.,2024/01,2024,January,3.7,4.1
National,U.S.,2024/02,2024,February,3.9,4.2
National,U.S.,2024/03,2024,March,3.8,3.9
National,U.S.,2024/04,2024,April,3.9,3.5
National,U.S.,2024/05,2024,May,4.0,3.7
National,U.S.,2024/06,2024,June,4.1,4.3
